,geo_level,geo_code,geoid,name,total,No,Unspecified,Yes,province
0,country,ZA,country-ZA,South Africa,9886916,344992,50430,9491494,South Africa
1,municipality,WC044,municipality-WC044,George,32616,379,127,32110,Western Cape
2,municipality,WC047,municipality-WC047,Bitou,7572,195,19,7358,Western Cape
3,municipality,WC048,municipality-WC048,Knysna,10615,356,29,10230,Western Cape
4,municipality,WC051,municipality-WC051,Laingsburg,1177,11,6,1160,Western Cape
5,municipality,WC052,municipality-WC052,Prince Albert,2227,7,1,2219,Western Cape
6,municipality,WC053,municipality-WC053,Beaufort West,8126,49,70,8007,Western Cape
7,municipality,MP303,municipality-MP303,Mkhondo,30525,471,109,29945,Mpumalanga
8,municipality,MP311,municipality-MP311,Victor Khanye,13535,514,79,12942,Mpumalanga
9,municipality,MP322,municipality-MP322,Mbombela,124575,4290,531,119754,North West
10,municipality,NW373,municipality-NW373,Rustenburg,94936,7640,623,86673,North West
11,municipality,NW384,municipality-NW384,Ditsobotla,29720,460,57,29203,North West
12,municipality,NW396,municipality-NW396,Lekwa-Teemane,9567,106,25,9436,Northern Cape
13,municipality,NC062,municipality-NC062,Nama Khoi,7484,49,5,7430,Northern Cape
14,municipality,NC071,municipality-NC071,Ubuntu,3079,43,6,3030,Northern Cape
15,municipality,NC077,municipality-NC077,Siyathemba,3468,40,7,3421,Northern Cape
16,municipality,NC085,municipality-NC085,Tsantsabane,6422,68,15,6339,Northern Cape
17,municipality,NC094,municipality-NC094,Phokwane,11411,120,24,11267,Western Cape
18,municipality,WC012,municipality-WC012,Cederberg,8037,226,53,7758,Western Cape
19,municipality,WC024,municipality-WC024,Stellenbosch,32264,841,289,31134,Western Cape
20,municipality,WC033,municipality-WC033,Cape Agulhas,5242,154,50,5038,Western Cape
21,municipality,WC045,municipality-WC045,Oudtshoorn,16354,79,24,16251,Eastern Cape
22,municipality,EC102,municipality-EC102,Blue Crane Route,5857,40,22,5795,Eastern Cape
23,municipality,EC103,municipality-EC103,Ikwezi,1662,22,6,1634,Eastern Cape
24,municipality,EC104,municipality-EC104,Makana,13753,291,57,13405,Eastern Cape
25,municipality,EC106,municipality-EC106,Sundays River Valley,9365,335,22,9008,Eastern Cape
26,municipality,EC107,municipality-EC107,Baviaans,2794,21,2,2771,Eastern Cape
27,municipality,EC108,municipality-EC108,Kouga,15720,282,79,15359,Eastern Cape
28,municipality,EC109,municipality-EC109,Kou-Kamma,6672,185,27,6460,Eastern Cape
29,municipality,EC121,municipality-EC121,Mbhashe,52649,192,171,52286,Eastern Cape
30,municipality,EC123,municipality-EC123,Great Kei,6666,18,38,6610,Eastern Cape
31,municipality,EC124,municipality-EC124,Amahlathi,22059,93,37,21929,Eastern Cape
32,municipality,EC126,municipality-EC126,Ngqushwa,11954,58,36,11860,Eastern Cape
33,municipality,EC127,municipality-EC127,Nkonkobe,20924,199,73,20652,Eastern Cape
34,municipality,EC131,municipality-EC131,Inxuba Yethemba,10970,85,30,10855,Eastern Cape
35,municipality,EC132,municipality-EC132,Tsolwana,6263,84,34,6145,Eastern Cape
36,municipality,EC133,municipality-EC133,Inkwanca,4122,44,15,4063,Eastern Cape
37,municipality,EC134,municipality-EC134,Lukanji,36389,525,86,35778,Eastern Cape
38,municipality,EC136,municipality-EC136,Emalahleni,22263,205,83,21975,Eastern Cape
39,municipality,EC137,municipality-EC137,Engcobo,29896,180,378,29338,Eastern Cape
40,municipality,EC138,municipality-EC138,Sakhisizwe,12644,115,109,12420,Eastern Cape
41,municipality,EC141,municipality-EC141,Elundini,28411,331,135,27945,Eastern Cape
42,municipality,EC142,municipality-EC142,Senqu,27396,985,162,26249,Eastern Cape
43,municipality,EC143,municipality-EC143,Maletswai,8097,102,23,7972,Eastern Cape
44,municipality,EC153,municipality-EC153,Ngquza Hill,59427,205,217,59005,Eastern Cape
45,municipality,EC154,municipality-EC154,Port St Johns,34389,52,161,34176,Eastern Cape
46,municipality,EC155,municipality-EC155,Nyandeni,64655,183,313,64159,Eastern Cape
47,municipality,EC156,municipality-EC156,Mhlontlo,40277,136,258,39883,Eastern Cape
48,municipality,EC441,municipality-EC441,Matatiele,41021,701,361,39959,Eastern Cape
49,municipality,EC442,municipality-EC442,Umzimvubu,39664,163,323,39178,Eastern Cape
50,municipality,EC443,municipality-EC443,Mbizana,60208,129,338,59741,Eastern Cape
51,municipality,EC444,municipality-EC444,Ntabankulu,26569,84,75,26410,Free State
52,municipality,FS161,municipality-FS161,Letsemeng,6733,60,7,6666,Free State
53,municipality,FS162,municipality-FS162,Kopanong,8384,104,11,8269,Free State
54,municipality,FS163,municipality-FS163,Mohokare,6421,118,6,6297,Free State
55,municipality,FS181,municipality-FS181,Masilonyana,10944,158,61,10725,Free State
56,municipality,FS182,municipality-FS182,Tokologo,4970,63,13,4894,Free State
57,municipality,FS183,municipality-FS183,Tswelopele,8870,84,8,8778,Free State
58,municipality,FS184,municipality-FS184,Matjhabeng,75962,2963,214,72785,Free State
59,municipality,FS185,municipality-FS185,Nala,14927,148,33,14746,Free State
60,municipality,FS192,municipality-FS192,Dihlabeng,22404,279,33,22092,Free State
61,municipality,FS193,municipality-FS193,Nketoana,11392,90,16,11286,Free State
62,municipality,FS194,municipality-FS194,Maluti a Phofung,72911,511,137,72263,Free State
63,municipality,FS195,municipality-FS195,Phumelela,8899,114,4,8781,Free State
64,municipality,FS201,municipality-FS201,Moqhaka,26470,325,57,26088,Free State
65,municipality,FS203,municipality-FS203,Ngwathe,21159,317,42,20800,Free State
66,municipality,FS204,municipality-FS204,Metsimaholo,26671,569,94,26008,Free State
67,municipality,FS205,municipality-FS205,Mafube,10803,110,30,10663,Gauteng
68,municipality,GT421,municipality-GT421,Emfuleni,137855,4852,703,132300,Gauteng
69,municipality,GT423,municipality-GT423,Lesedi,16975,677,84,16214,Gauteng
70,municipality,GT481,municipality-GT481,Mogale City,61201,4591,379,56231,Gauteng
71,municipality,GT482,municipality-GT482,Randfontein,25429,1128,133,24168,Gauteng
72,municipality,GT483,municipality-GT483,Westonaria,20140,2536,128,17476,KwaZulu-Natal
73,municipality,KZN211,municipality-KZN211,Vulamehlo,15935,13,104,15818,KwaZulu-Natal
74,municipality,KZN212,municipality-KZN212,Umdoni,14818,52,75,14691,KwaZulu-Natal
75,municipality,KZN213,municipality-KZN213,Umzumbe,33441,61,115,33265,KwaZulu-Natal
76,municipality,KZN214,municipality-KZN214,UMuziwabantu,20550,45,56,20449,KwaZulu-Natal
77,municipality,KZN215,municipality-KZN215,Ezingoleni,10861,21,21,10819,KwaZulu-Natal
78,municipality,KZN221,municipality-KZN221,uMshwathi,22178,190,103,21885,KwaZulu-Natal
79,municipality,KZN222,municipality-KZN222,uMngeni,15706,550,90,15066,KwaZulu-Natal
80,municipality,KZN223,municipality-KZN223,Mpofana,7273,87,54,7132,KwaZulu-Natal
81,municipality,KZN224,municipality-KZN224,Impendle,6857,24,25,6808,KwaZulu-Natal
82,municipality,KZN225,municipality-KZN225,The Msunduzi,124237,1762,608,121867,KwaZulu-Natal
83,municipality,KZN226,municipality-KZN226,Mkhambathini,12647,135,17,12495,KwaZulu-Natal
84,municipality,KZN232,municipality-KZN232,Emnambithi/Ladysmith,46170,376,207,45587,KwaZulu-Natal
85,municipality,KZN233,municipality-KZN233,Indaka,21866,26,68,21772,KwaZulu-Natal
86,municipality,KZN234,municipality-KZN234,Umtshezi,16072,116,90,15866,KwaZulu-Natal
87,municipality,KZN235,municipality-KZN235,Okhahlamba,26415,159,55,26201,KwaZulu-Natal
88,municipality,KZN236,municipality-KZN236,Imbabazane,23912,31,102,23779,KwaZulu-Natal
89,municipality,KZN242,municipality-KZN242,Nqutu,34986,90,60,34836,KwaZulu-Natal
90,municipality,KZN244,municipality-KZN244,Msinga,36125,58,172,35895,KwaZulu-Natal
91,municipality,KZN245,municipality-KZN245,Umvoti,20838,121,63,20654,KwaZulu-Natal
92,municipality,KZN252,municipality-KZN252,Newcastle,75163,644,280,74239,KwaZulu-Natal
93,municipality,KZN254,municipality-KZN254,Dannhauser,21651,63,29,21559,KwaZulu-Natal
94,municipality,KZN261,municipality-KZN261,eDumbe,17002,165,61,16776,KwaZulu-Natal
95,municipality,KZN262,municipality-KZN262,UPhongolo,28089,589,96,27404,KwaZulu-Natal
96,municipality,KZN263,municipality-KZN263,Abaqulusi,42523,241,225,42057,KwaZulu-Natal
97,municipality,KZN265,municipality-KZN265,Nongoma,43231,107,230,42894,KwaZulu-Natal
98,municipality,KZN266,municipality-KZN266,Ulundi,39695,147,143,39405,KwaZulu-Natal
99,municipality,KZN272,municipality-KZN272,Jozini,41474,310,172,40992,KwaZulu-Natal
100,municipality,KZN273,municipality-KZN273,The Big 5 False Bay,7481,56,126,7299,KwaZulu-Natal
101,municipality,KZN274,municipality-KZN274,Hlabisa,15989,33,76,15880,KwaZulu-Natal
102,municipality,KZN275,municipality-KZN275,Mtubatuba,37293,311,276,36706,KwaZulu-Natal
103,municipality,KZN281,municipality-KZN281,Mfolozi,26388,134,226,26028,KwaZulu-Natal
104,municipality,KZN283,municipality-KZN283,Ntambanana,16530,39,125,16366,KwaZulu-Natal
105,municipality,KZN284,municipality-KZN284,uMlalazi,45337,296,250,44791,KwaZulu-Natal
106,municipality,KZN285,municipality-KZN285,Mthonjaneni,9718,89,26,9603,KwaZulu-Natal
107,municipality,KZN286,municipality-KZN286,Nkandla,24302,40,72,24190,KwaZulu-Natal
108,municipality,KZN291,municipality-KZN291,Mandeni,29135,376,109,28650,KwaZulu-Natal
109,municipality,KZN293,municipality-KZN293,Ndwedwe,29554,73,114,29367,KwaZulu-Natal
110,municipality,KZN294,municipality-KZN294,Maphumulo,20652,45,126,20481,KwaZulu-Natal
111,municipality,KZN431,municipality-KZN431,Ingwe,20904,92,72,20740,KwaZulu-Natal
112,municipality,KZN432,municipality-KZN432,Kwa Sani,2258,23,9,2226,KwaZulu-Natal
113,municipality,KZN434,municipality-KZN434,Ubuhlebezwe,21054,68,94,20892,KwaZulu-Natal
114,municipality,KZN435,municipality-KZN435,Umzimkhulu,39335,94,240,39001,Limpopo
115,municipality,LIM331,municipality-LIM331,Greater Giyani,57527,1240,160,56127,Limpopo
116,municipality,LIM332,municipality-LIM332,Greater Letaba,49850,1752,134,47964,Limpopo
117,municipality,LIM333,municipality-LIM333,Greater Tzaneen,82671,2103,202,80366,Limpopo
118,municipality,LIM335,municipality-LIM335,Maruleng,20622,261,62,20299,Limpopo
119,municipality,LIM341,municipality-LIM341,Musina,12886,4274,129,8483,Limpopo
120,municipality,LIM342,municipality-LIM342,Mutale,20359,384,70,19905,Limpopo
121,municipality,LIM343,municipality-LIM343,Thulamela,141558,4458,402,136698,Limpopo
122,municipality,LIM344,municipality-LIM344,Makhado,109391,3639,334,105418,Limpopo
123,municipality,LIM351,municipality-LIM351,Blouberg,36381,850,94,35437,Limpopo
124,municipality,LIM353,municipality-LIM353,Molemole,22480,993,51,21436,Limpopo
125,municipality,LIM354,municipality-LIM354,Polokwane,131206,4638,385,126183,Limpopo
126,municipality,LIM355,municipality-LIM355,Lepele-Nkumpi,47559,734,121,46704,Limpopo
127,municipality,LIM361,municipality-LIM361,Thabazimbi,12940,1162,61,11717,Limpopo
128,municipality,LIM362,municipality-LIM362,Lephalale,22419,1469,94,20856,Limpopo
129,municipality,LIM365,municipality-LIM365,Modimolle,12380,787,56,11537,Limpopo
130,municipality,LIM366,municipality-LIM366,Bela-Bela,11262,572,36,10654,Eastern Cape
131,municipality,BUF,municipality-BUF,Buffalo City,136181,1370,641,134170,Eastern Cape
132,municipality,EC101,municipality-EC101,Camdeboo,8274,31,32,8211,Eastern Cape
133,municipality,EC105,municipality-EC105,Ndlambe,9536,158,41,9337,Eastern Cape
134,municipality,EC122,municipality-EC122,Mnquma,49060,170,189,48701,Eastern Cape
135,municipality,EC128,municipality-EC128,Nxuba,3877,51,9,3817,Eastern Cape
136,municipality,EC135,municipality-EC135,Intsika Yethu,26432,224,111,26097,Eastern Cape
137,municipality,EC144,municipality-EC144,Gariep,5799,66,18,5715,Eastern Cape
138,municipality,EC157,municipality-EC157,King Sabata Dalindyebo,99986,733,466,98787,Eastern Cape
139,municipality,NMA,municipality-NMA,Nelson Mandela Bay,208282,3670,973,203639,Eastern Cape
140,municipality,FS164,municipality-FS164,Naledi,4785,126,10,4649,Free State
141,municipality,FS191,municipality-FS191,Setsoto,21337,426,34,20877,Free State
142,municipality,FS196,municipality-FS196,Mantsopa,9643,274,18,9351,Free State
143,municipality,MAN,municipality-MAN,Mangaung,146807,4040,433,142334,Free State
144,municipality,EKU,municipality-EKU,Ekurhuleni,564110,37309,3470,523331,Gauteng
145,municipality,GT422,municipality-GT422,Midvaal,15038,1246,133,13659,Gauteng
146,municipality,GT484,municipality-GT484,Merafong City,33221,2385,206,30630,Gauteng
147,municipality,JHB,municipality-JHB,City of Johannesburg,767187,88966,6756,671465,Gauteng
148,municipality,TSH,municipality-TSH,City of Tshwane,524206,33748,3223,487235,Gauteng
149,municipality,ETH,municipality-ETH,eThekwini,697570,10758,4405,682407,KwaZulu-Natal
150,municipality,KZN216,municipality-KZN216,Hibiscus Coast,49407,233,293,48881,KwaZulu-Natal
151,municipality,KZN227,municipality-KZN227,Richmond,12625,179,26,12420,KwaZulu-Natal
152,municipality,KZN241,municipality-KZN241,Endumeni,12606,99,42,12465,KwaZulu-Natal
153,municipality,KZN253,municipality-KZN253,Emadlangeni,6444,46,10,6388,KwaZulu-Natal
154,municipality,KZN271,municipality-KZN271,Umhlabuyalingana,33535,189,142,33204,KwaZulu-Natal
155,municipality,KZN282,municipality-KZN282,uMhlathuze,68950,752,372,67826,KwaZulu-Natal
156,municipality,KZN292,municipality-KZN292,KwaDukuza,45473,1680,131,43662,KwaZulu-Natal
157,municipality,KZN433,municipality-KZN433,Greater Kokstad,13606,135,61,13410,KwaZulu-Natal
158,municipality,LIM334,municipality-LIM334,Ba-Phalaborwa,30036,756,90,29190,KwaZulu-Natal
159,municipality,LIM352,municipality-LIM352,Aganang,27546,295,66,27185,Limpopo
160,municipality,LIM364,municipality-LIM364,Mookgopong,6074,920,34,5120,Limpopo
161,municipality,LIM367,municipality-LIM367,Mogalakwena,64077,1262,149,62666,Limpopo
162,municipality,LIM471,municipality-LIM471,Ephraim Mogale,25344,1601,108,23635,Limpopo
163,municipality,LIM472,municipality-LIM472,Elias Motsoaledi,52346,1404,134,50808,Limpopo
164,municipality,LIM473,municipality-LIM473,Makhuduthamaga,56376,406,126,55844,Limpopo
165,municipality,LIM474,municipality-LIM474,Fetakgomo,19289,167,99,19023,Limpopo
166,municipality,LIM475,municipality-LIM475,Greater Tubatse,71224,899,169,70156,Limpopo
167,municipality,MP301,municipality-MP301,Albert Luthuli,41565,956,106,40503,Limpopo
168,municipality,MP302,municipality-MP302,Msukaligwa,28685,481,122,28082,Mpumalanga
169,municipality,MP304,municipality-MP304,Pixley Ka Seme,15939,131,51,15757,Mpumalanga
170,municipality,MP305,municipality-MP305,Lekwa,20777,305,56,20416,Mpumalanga
171,municipality,MP306,municipality-MP306,Dipaleseng,7927,93,34,7800,Mpumalanga
172,municipality,MP307,municipality-MP307,Govan Mbeki,56242,1795,303,54144,Mpumalanga
173,municipality,MP312,municipality-MP312,Emalahleni,74978,3308,309,71361,Mpumalanga
174,municipality,MP313,municipality-MP313,Steve Tshwete,41011,1585,228,39198,Mpumalanga
175,municipality,MP314,municipality-MP314,Emakhazeni,8434,231,25,8178,Mpumalanga
176,municipality,MP315,municipality-MP315,Thembisile,64643,1013,233,63397,Mpumalanga
177,municipality,MP316,municipality-MP316,Dr JS Moroka,52032,646,151,51235,Mpumalanga
178,municipality,MP321,municipality-MP321,Thaba Chweu,16702,716,97,15889,Mpumalanga
179,municipality,MP323,municipality-MP323,Umjindi,12035,781,55,11199,Mpumalanga
180,municipality,MP324,municipality-MP324,Nkomazi,92194,6800,725,84669,Mpumalanga
181,municipality,MP325,municipality-MP325,Bushbuckridge,125754,822,301,124631,Mpumalanga
182,municipality,NW371,municipality-NW371,Moretele,35190,557,73,34560,Mpumalanga
183,municipality,NW372,municipality-NW372,Madibeng,86076,9710,367,75999,North West
184,municipality,NW374,municipality-NW374,Kgetlengrivier,8810,344,42,8424,North West
185,municipality,NW375,municipality-NW375,Moses Kotane,42599,1026,114,41459,North West
186,municipality,NW381,municipality-NW381,Ratlou,19712,117,46,19549,North West
187,municipality,NW382,municipality-NW382,Tswaing,23271,129,38,23104,North West
188,municipality,NW383,municipality-NW383,Mafikeng,58043,1052,133,56858,North West
189,municipality,NW385,municipality-NW385,Ramotshere Moiloa,26142,439,50,25653,North West
190,municipality,NW392,municipality-NW392,Naledi,11813,128,35,11650,North West
191,municipality,NW393,municipality-NW393,Mamusa,11126,97,21,11008,North West
192,municipality,NW394,municipality-NW394,Greater Taung,33441,233,100,33108,North West
193,municipality,NW397,municipality-NW397,Kagisano/Molopo,18691,150,137,18404,North West
194,municipality,NW401,municipality-NW401,Ventersdorp,9913,161,23,9729,North West
195,municipality,NW402,municipality-NW402,Tlokwe City Council,32779,716,135,31928,North West
196,municipality,NW403,municipality-NW403,City of Matlosana,70522,2113,219,68190,North West
197,municipality,NW404,municipality-NW404,Maquassi Hills,14123,123,35,13965,North West
198,municipality,NC061,municipality-NC061,Richtersveld,1723,6,6,1711,North West
199,municipality,NC064,municipality-NC064,Kamiesberg,1308,6,1,1301,Northern Cape
200,municipality,NC065,municipality-NC065,Hantam,3311,17,11,3283,Northern Cape
201,municipality,NC066,municipality-NC066,Karoo Hoogland,1605,2,2,1601,Northern Cape
202,municipality,NC067,municipality-NC067,Khâi-Ma,2158,15,9,2134,Northern Cape
203,municipality,NC072,municipality-NC072,Umsobomvu,4798,48,5,4745,Northern Cape
204,municipality,NC073,municipality-NC073,Emthanjeni,7070,65,11,6994,Northern Cape
205,municipality,NC074,municipality-NC074,Kareeberg,1739,6,0,1733,Northern Cape
206,municipality,NC075,municipality-NC075,Renosterberg,1727,16,17,1694,Northern Cape
207,municipality,NC076,municipality-NC076,Thembelihle,2697,24,4,2669,Northern Cape
208,municipality,NC078,municipality-NC078,Siyancuma,6170,49,22,6099,Northern Cape
209,municipality,NC081,municipality-NC081,Mier,1132,12,1,1119,Northern Cape
210,municipality,NC082,municipality-NC082,Kai !Garib,14042,75,30,13937,Northern Cape
211,municipality,NC083,municipality-NC083,//Khara Hais,16685,223,39,16423,Northern Cape
212,municipality,NC084,municipality-NC084,!Kheis,2485,26,1,2458,Northern Cape
213,municipality,NC086,municipality-NC086,Kgatelopele,3316,21,2,3293,Northern Cape
214,municipality,NC091,municipality-NC091,Sol Plaatjie,43669,489,130,43050,Northern Cape
215,municipality,NC092,municipality-NC092,Dikgatlong,8169,113,20,8036,Northern Cape
216,municipality,NC093,municipality-NC093,Magareng,4382,39,7,4336,Northern Cape
217,municipality,NC451,municipality-NC451,Joe Morolong,16163,167,37,15959,Northern Cape
218,municipality,NC452,municipality-NC452,Ga-Segonyana,17881,259,55,17567,Northern Cape
219,municipality,NC453,municipality-NC453,Gamagara,7157,107,33,7017,Northern Cape
220,municipality,CPT,municipality-CPT,City of Cape Town,661974,25430,4875,631669,Northern Cape
221,municipality,WC011,municipality-WC011,Matzikama,11327,123,96,11108,Western Cape
222,municipality,WC013,municipality-WC013,Bergrivier,9517,202,91,9224,Western Cape
223,municipality,WC014,municipality-WC014,Saldanha Bay,17073,265,133,16675,Western Cape
224,municipality,WC015,municipality-WC015,Swartland,18028,235,63,17730,Western Cape
225,municipality,WC022,municipality-WC022,Witzenberg,21404,828,134,20442,Western Cape
226,municipality,WC023,municipality-WC023,Drakenstein,45044,707,404,43933,Western Cape
227,municipality,WC025,municipality-WC025,Breede Valley,29058,1054,157,27847,Western Cape
228,municipality,WC026,municipality-WC026,Langeberg,16930,457,214,16259,Western Cape
229,municipality,WC031,municipality-WC031,Theewaterskloof,18629,375,253,18001,Western Cape
230,municipality,WC032,municipality-WC032,Overstrand,11464,368,128,10968,Western Cape
231,municipality,WC034,municipality-WC034,Swellendam,5870,125,14,5731,Western Cape
232,municipality,WC041,municipality-WC041,Kannaland,4058,32,26,4000,Western Cape
233,municipality,WC042,municipality-WC042,Hessequa,7627,71,36,7520,Western Cape
234,municipality,WC043,municipality-WC043,Mossel Bay,13729,191,120,13418,Western Cape
